2025-11-26_13-17-43,0,draft.py:2025-11-26_13-17-43
2025-11-26_13-31-22,---,draft.py:2025-11-26_13-31-22
2025-11-26_13-35-40,---,draft.py:2025-11-26_13-35-40
2025-11-26_13-38-17,---,draft.py:2025-11-26_13-35-40
2025-11-26_13-44-14,20,draft.py:2025-11-26_13-44-14
2025-11-26_13-57-01,---,draft.py:2025-11-26_13-57-01
2025-11-26_13-58-26,40,draft.py:2025-11-26_13-57-01
2025-11-27_13-19-06,40,draft.py:2025-11-26_13-57-01
2025-11-27_13-24-38,40,draft.py:2025-11-27_13-24-38
2025-11-27_13-26-15,60,draft.py:2025-11-27_13-26-15
2025-11-27_13-27-17,60,draft.py:2025-11-27_13-27-17
2025-11-27_13-27-50,80,draft.py:2025-11-27_13-27-50
2025-11-27_13-37-06,100,draft.py:2025-11-27_13-37-06
